Campaign,Ad Group,Keyword,Match Type,Max CPC,Final URL
Wine Quick Start - Search,Wine Delivery,"red wine delivery",phrase,4.68,https://winesquickstart.com/shop
Wine Quick Start - Search,Wine Delivery,"wine delivery near me",phrase,4.68,https://winesquickstart.com/shop
Wine Quick Start - Search,Wine Delivery,"wine store near me",phrase,3.6,https://winesquickstart.com/shop
Wine Quick Start - Search,Wine Delivery,"same day wine delivery",phrase,4.68,https://winesquickstart.com/shop
Wine Quick Start - Search,Wine Delivery,"buy wine online for delivery",phrase,4.68,https://winesquickstart.com/shop
Wine Quick Start - Search,Wine Delivery,"buy wine online near me",phrase,4.68,https://winesquickstart.com/shop
Wine Quick Start - Search,Wine Delivery,"order wine online near me",phrase,4.68,https://winesquickstart.com/shop
Wine Quick Start - Search,Wine Delivery,"order wine online near me delivery",phrase,4.68,https://winesquickstart.com/shop
Wine Quick Start - Search,Wine Delivery,"wine shop online near me",phrase,4.68,https://winesquickstart.com/shop
Wine Quick Start - Search,Wine Delivery,"buy red wine online near me",phrase,4.68,https://winesquickstart.com/shop
Wine Quick Start - Search,Wine Delivery,"wine order online near me open now",phrase,4.68,https://winesquickstart.com/shop
Wine Quick Start - Search,Wine Delivery,"wine shop online delivery near me",phrase,4.68,https://winesquickstart.com/shop
Wine Quick Start - Search,Wine Delivery,"wine shop online order near me",phrase,4.68,https://winesquickstart.com/shop
Wine Quick Start - Search,Wine Delivery,"best red wine buy online india",phrase,4.68,https://winesquickstart.com/shop
Wine Quick Start - Search,Wine Delivery,"wine delivery san francisco",phrase,4.68,https://winesquickstart.com/shop
Wine Quick Start - Search,Wine Delivery,"wine delivery service",phrase,4.68,https://winesquickstart.com/shop
Wine Quick Start - Search,Wine Delivery,"wine delivery uk",phrase,4.68,https://winesquickstart.com/shop
Wine Quick Start - Search,Wine Delivery,"wine delivery nyc",phrase,4.68,https://winesquickstart.com/shop
Wine Quick Start - Search,Wine Delivery,"wine delivery chicago",phrase,4.68,https://winesquickstart.com/shop
Wine Quick Start - Search,Wine Delivery,"wine delivery near me open now",phrase,4.68,https://winesquickstart.com/shop
Wine Quick Start - Search,Wine Delivery,"wine delivery near me now",phrase,4.68,https://winesquickstart.com/shop
Wine Quick Start - Search,Wine Delivery,"wine delivery near me within 5 mi",phrase,4.68,https://winesquickstart.com/shop
Wine Quick Start - Search,Wine Delivery,"wine delivery near me within 1 mi",phrase,4.68,https://winesquickstart.com/shop
Wine Quick Start - Search,Wine Delivery,"wine delivery near me today",phrase,4.68,https://winesquickstart.com/shop
Wine Quick Start - Search,Wine Delivery,"wine delivery near me 24 hours",phrase,4.68,https://winesquickstart.com/shop
Wine Quick Start - Search,Wine Delivery,"wine delivery near me within 800m",phrase,4.68,https://winesquickstart.com/shop
Wine Quick Start - Search,Wine Delivery,"wine delivery near me within 1.6 km",phrase,4.68,https://winesquickstart.com/shop
Wine Quick Start - Search,Wine Delivery,"wine delivery best",phrase,4.68,https://winesquickstart.com/shop
Wine Quick Start - Search,Wine Delivery,"best wine delivery service",phrase,4.68,https://winesquickstart.com/shop
Wine Quick Start - Search,Wine Delivery,"best wine delivery uk",phrase,4.68,https://winesquickstart.com/shop
Wine Quick Start - Search,Wine Delivery,"best wine delivery nyc",phrase,4.68,https://winesquickstart.com/shop
Wine Quick Start - Search,Wine Delivery,"best wine delivery near me",phrase,4.68,https://winesquickstart.com/shop
Wine Quick Start - Search,Wine Delivery,"best wine delivery london",phrase,4.68,https://winesquickstart.com/shop
Wine Quick Start - Search,Wine Delivery,"best wine delivery companies",phrase,4.68,https://winesquickstart.com/shop
Wine Quick Start - Search,Wine Delivery,"best place for wine near me",phrase,3.6,https://winesquickstart.com/shop
Wine Quick Start - Search,Wine Delivery,"best prices for wine near me",phrase,3.6,https://winesquickstart.com/shop
Wine Quick Start - Search,Wine Delivery,"best restaurants for wine near me",phrase,3.6,https://winesquickstart.com/shop
Wine Quick Start - Search,Wine Delivery,"best store for wine near me",phrase,3.6,https://winesquickstart.com/shop
Wine Quick Start - Search,Wine Delivery,"best bar for wine near me",phrase,3.6,https://winesquickstart.com/shop
Wine Quick Start - Search,Wine Delivery,"wine accessories near me",phrase,3.6,https://winesquickstart.com/shop
Wine Quick Start - Search,Wine Delivery,"wine store open thanksgiving near me",phrase,3.6,https://winesquickstart.com/wine-pairings/wine-for-thanksgiving
Wine Quick Start - Search,Wine Delivery,"order wine",phrase,3.6,https://winesquickstart.com/shop
Wine Quick Start - Search,Wine Delivery,"wine delivery",phrase,4.68,https://winesquickstart.com/shop
Wine Quick Start - Search,Wine Delivery,"champagne delivery",phrase,6.55,https://winesquickstart.com/shop
Wine Quick Start - Search,Wine Delivery,"wine shop online",phrase,4.68,https://winesquickstart.com/shop
Wine Quick Start - Search,Wine Delivery,"buy wine online free delivery",phrase,4.68,https://winesquickstart.com/shop
Wine Quick Start - Search,Wine Delivery,"buy wine online free delivery near me",phrase,4.68,https://winesquickstart.com/shop
Wine Quick Start - Search,Wine Delivery,"best place to buy wine online uk free delivery",phrase,4.68,https://winesquickstart.com/shop
Wine Quick Start - Search,Wine Subscriptions,"wine subscription",phrase,6.48,https://winesquickstart.com/subscription
Wine Quick Start - Search,Wine Subscriptions,"monthly wine subscription",phrase,6.48,https://winesquickstart.com/subscription
Wine Quick Start - Search,Wine Subscriptions,"wine subscription box",phrase,6.48,https://winesquickstart.com/subscription
Wine Quick Start - Search,Wine Subscriptions,"best wine subscription",phrase,6.48,https://winesquickstart.com/subscription
Wine Quick Start - Search,Wine Subscriptions,"cheap wine subscription",phrase,5.18,https://winesquickstart.com/subscription
Wine Quick Start - Search,Wine Subscriptions,"wine delivery subscription",phrase,8.42,https://winesquickstart.com/subscription
Wine Quick Start - Search,Wine Subscriptions,"best wine delivery subscription",phrase,8.42,https://winesquickstart.com/subscription
Wine Quick Start - Search,Wine Subscriptions,"best wine delivery clubs",phrase,8.42,https://winesquickstart.com/subscription
Wine Quick Start - Search,Wine Subscriptions,"wine subscription service",phrase,6.48,https://winesquickstart.com/subscription
Wine Quick Start - Search,Wine Subscriptions,"wine subscription reddit",phrase,6.48,https://winesquickstart.com/subscription
Wine Quick Start - Search,Wine Subscriptions,"wine subscription monthly",phrase,6.48,https://winesquickstart.com/subscription
Wine Quick Start - Search,Wine Subscriptions,"wine subscription club",phrase,6.48,https://winesquickstart.com/subscription
Wine Quick Start - Search,Wine Subscriptions,"wine subscription near me",phrase,6.48,https://winesquickstart.com/subscription
Wine Quick Start - Search,Wine Subscriptions,"wine club near me",phrase,6.48,https://winesquickstart.com/subscription
Wine Quick Start - Search,Wine Subscriptions,"wine membership near me",phrase,3.6,https://winesquickstart.com/subscription
Wine Quick Start - Search,Wine Subscriptions,"wine club near me for adults",phrase,6.48,https://winesquickstart.com/subscription
Wine Quick Start - Search,Wine Subscriptions,"wine tasting club near me",phrase,6.48,https://winesquickstart.com/subscription
Wine Quick Start - Search,Wine Subscriptions,"wine club membership near me",phrase,6.48,https://winesquickstart.com/subscription
Wine Quick Start - Search,Wine Subscriptions,"wine club restaurant near me",phrase,6.48,https://winesquickstart.com/subscription
Wine Quick Start - Search,Wine Subscriptions,"wine social club near me",phrase,6.48,https://winesquickstart.com/subscription
Wine Quick Start - Search,Wine Subscriptions,"wine subscription best",phrase,6.48,https://winesquickstart.com/subscription
Wine Quick Start - Search,Wine Subscriptions,"wine subscription best reddit",phrase,6.48,https://winesquickstart.com/subscription
Wine Quick Start - Search,Wine Subscriptions,"wine subscription uk best",phrase,6.48,https://winesquickstart.com/subscription
Wine Quick Start - Search,Wine Subscriptions,"best wine subscription box",phrase,6.48,https://winesquickstart.com/subscription
Wine Quick Start - Search,Wine Subscriptions,"best wine subscription australia",phrase,6.48,https://winesquickstart.com/subscription
Wine Quick Start - Search,Wine Subscriptions,"wine subscription cheap",phrase,5.18,https://winesquickstart.com/subscription
Wine Quick Start - Search,Wine Subscriptions,"wine subscription cheapest",phrase,5.18,https://winesquickstart.com/subscription
Wine Quick Start - Search,Wine Subscriptions,"wine subscription deals",phrase,6.48,https://winesquickstart.com/subscription
Wine Quick Start - Search,Wine Subscriptions,"wine subscription discount",phrase,6.48,https://winesquickstart.com/subscription
Wine Quick Start - Search,Wine Subscriptions,"wine subscription coupon",phrase,6.48,https://winesquickstart.com/subscription
Wine Quick Start - Search,Wine Subscriptions,"wine subscription uk cheap",phrase,5.18,https://winesquickstart.com/subscription
Wine Quick Start - Search,Wine Subscriptions,"wine subscription box cheap",phrase,5.18,https://winesquickstart.com/subscription
Wine Quick Start - Search,Wine Subscriptions,"monthly wine subscription cheap",phrase,5.18,https://winesquickstart.com/subscription
Wine Quick Start - Search,Wine Subscriptions,"cheapest wine subscription uk",phrase,5.18,https://winesquickstart.com/subscription
Wine Quick Start - Search,Wine Subscriptions,"wine club membership",phrase,6.48,https://winesquickstart.com/subscription
Wine Quick Start - Search,Wine Subscriptions,"wine club around me",phrase,6.48,https://winesquickstart.com/subscription
Wine Quick Start - Search,Wine Subscriptions,"wine club best",phrase,6.48,https://winesquickstart.com/subscription
Wine Quick Start - Search,Wine Subscriptions,"wine club best value",phrase,6.48,https://winesquickstart.com/subscription
Wine Quick Start - Search,Wine Subscriptions,"wine club best deals",phrase,6.48,https://winesquickstart.com/subscription
Wine Quick Start - Search,Wine Subscriptions,"wine club cheap",phrase,5.18,https://winesquickstart.com/subscription
Wine Quick Start - Search,Wine Subscriptions,"wine club",phrase,6.48,https://winesquickstart.com/subscription
Wine Quick Start - Search,Wine Subscriptions,"wine membership best",phrase,2.7,https://winesquickstart.com/subscription
Wine Quick Start - Search,Wine Subscriptions,"wine club jobs near me",phrase,6.48,https://winesquickstart.com/subscription
Wine Quick Start - Search,Wine Gifts,"wine gift basket",phrase,5.4,https://winesquickstart.com/gifts
Wine Quick Start - Search,Wine Gifts,"wine gift box",phrase,5.4,https://winesquickstart.com/gifts
Wine Quick Start - Search,Wine Gifts,"wine delivery gift",phrase,7.02,https://winesquickstart.com/gifts
Wine Quick Start - Search,Wine Gifts,"wine delivery gift basket",phrase,7.02,https://winesquickstart.com/gifts
Wine Quick Start - Search,Wine Gifts,"wine subscription gift",phrase,9.72,https://winesquickstart.com/gifts
Wine Quick Start - Search,Wine Gifts,"wine subscription box gift",phrase,9.72,https://winesquickstart.com/gifts
Wine Quick Start - Search,Wine Gifts,"wine subscription gift card",phrase,9.72,https://winesquickstart.com/gifts
Wine Quick Start - Search,Wine Gifts,"wine subscription gift reddit",phrase,9.72,https://winesquickstart.com/gifts
Wine Quick Start - Search,Wine Gifts,"wine subscription gift best",phrase,9.72,https://winesquickstart.com/gifts
Wine Quick Start - Search,Wine Gifts,"wine gift baskets",phrase,5.4,https://winesquickstart.com/gifts
Wine Quick Start - Search,Wine Gifts,"wine gift boxes",phrase,5.4,https://winesquickstart.com/gifts
Wine Quick Start - Search,Wine Gifts,"wine gifts delivery",phrase,7.02,https://winesquickstart.com/gifts
Wine Quick Start - Search,Wine Gifts,"wine gift basket ideas",phrase,5.4,https://winesquickstart.com/gifts
Wine Quick Start - Search,Wine Gifts,"wine gift baskets delivery",phrase,7.02,https://winesquickstart.com/gifts
Wine Quick Start - Search,Wine Gifts,"wine gift near me",phrase,5.4,https://winesquickstart.com/gifts
Wine Quick Start - Search,Wine Gifts,"winery gift near me",phrase,5.4,https://winesquickstart.com/gifts
Wine Quick Start - Search,Wine Gifts,"wine gift baskets near me",phrase,5.4,https://winesquickstart.com/gifts
Wine Quick Start - Search,Wine Gifts,"wine gift bags near me",phrase,5.4,https://winesquickstart.com/gifts
Wine Quick Start - Search,Wine Gifts,"wine gift box near me",phrase,5.4,https://winesquickstart.com/gifts
Wine Quick Start - Search,Wine Gifts,"wine gift set near me",phrase,5.4,https://winesquickstart.com/gifts
Wine Quick Start - Search,Wine Gifts,"wine gift shop near me",phrase,5.4,https://winesquickstart.com/gifts
Wine Quick Start - Search,Wine Gifts,"wine gift cards near me",phrase,5.4,https://winesquickstart.com/gifts
Wine Quick Start - Search,Wine Gifts,"wine glass gift near me",phrase,5.4,https://winesquickstart.com/gifts
Wine Quick Start - Search,Wine Gifts,"wine sampler gift near me",phrase,5.4,https://winesquickstart.com/gifts
Wine Quick Start - Search,Wine Gifts,"wine best gift baskets",phrase,5.4,https://winesquickstart.com/gifts
Wine Quick Start - Search,Wine Gifts,"best wine gift delivery",phrase,7.02,https://winesquickstart.com/gifts
Wine Quick Start - Search,Wine Gifts,"food & wine gift baskets best for men",phrase,5.4,https://winesquickstart.com/gifts
Wine Quick Start - Search,Wine Gifts,"wine gift box cheap",phrase,4.32,https://winesquickstart.com/gifts
Wine Quick Start - Search,Wine Gifts,"wine gift baskets cheap",phrase,4.32,https://winesquickstart.com/gifts
Wine Quick Start - Search,Wine Gifts,"wine cake for christmas near me",phrase,5.4,https://winesquickstart.com/buy/wine-for-christmas
Wine Quick Start - Search,Wine Gifts,"where can i buy wine on christmas",phrase,7.02,https://winesquickstart.com/buy/wine-for-christmas
Wine Quick Start - Search,Wine Gifts,"wine for christmas gift",phrase,4.06,https://winesquickstart.com/buy/wine-for-christmas
Wine Quick Start - Search,Wine Gifts,"wine for wedding gift",phrase,4.06,https://winesquickstart.com/gifts
Wine Quick Start - Search,Wine Gifts,"wine best gifts",phrase,4.06,https://winesquickstart.com/gifts
Wine Quick Start - Search,Wine Gifts,"wine gifts cheap",phrase,3.24,https://winesquickstart.com/gifts
Wine Quick Start - Search,Wine Gifts,"wine gift set",phrase,5.4,https://winesquickstart.com/gifts
Wine Quick Start - Search,Wine Gifts,"wine gift best",phrase,4.06,https://winesquickstart.com/gifts
Wine Quick Start - Search,Wine Gifts,"best wine gift set",phrase,5.4,https://winesquickstart.com/gifts
Wine Quick Start - Search,Wine Gifts,"best wine gift cards",phrase,4.06,https://winesquickstart.com/gifts
Wine Quick Start - Search,Wine Gifts,"best wine gift for christmas",phrase,4.06,https://winesquickstart.com/buy/wine-for-christmas
Wine Quick Start - Search,Wine Gifts,"best wine gift for women",phrase,4.06,https://winesquickstart.com/gifts
Wine Quick Start - Search,Wine Gifts,"best wine gift ideas",phrase,4.06,https://winesquickstart.com/gifts
Wine Quick Start - Search,Wine Gifts,"best wine gift packs",phrase,4.06,https://winesquickstart.com/gifts
Wine Quick Start - Search,Wine Gifts,"wine gift cheap",phrase,3.24,https://winesquickstart.com/gifts
Wine Quick Start - Search,Wine Gifts,"wine gift bags cheap",phrase,3.24,https://winesquickstart.com/gifts
Wine Quick Start - Search,Wine Gifts,"wine gift set cheap",phrase,4.32,https://winesquickstart.com/gifts
Wine Quick Start - Search,Wine Gifts,"cheap wine gift ideas",phrase,3.24,https://winesquickstart.com/gifts
Wine Quick Start - Search,Wine Gifts,"wine gift set b&m cheap",phrase,4.32,https://winesquickstart.com/gifts
Wine Quick Start - Search,Wine Gifts,"wine for thanksgiving gift",phrase,4.06,https://winesquickstart.com/wine-pairings/wine-for-thanksgiving
Wine Quick Start - Search,Wine Gifts,"best wine for thanksgiving gift",phrase,4.06,https://winesquickstart.com/wine-pairings/wine-for-thanksgiving
Wine Quick Start - Search,Sparkling Wine,"prosecco buy",phrase,4.68,https://winesquickstart.com/buy/sparkling-wine
Wine Quick Start - Search,General Wine,"buy wine online",phrase,4.68,https://winesquickstart.com/
Wine Quick Start - Search,General Wine,"buy wine locally",phrase,4.68,https://winesquickstart.com/
Wine Quick Start - Search,General Wine,"buy wine online reviews",phrase,4.68,https://winesquickstart.com/
Wine Quick Start - Search,General Wine,"buy wine online reddit",phrase,4.68,https://winesquickstart.com/
Wine Quick Start - Search,General Wine,"buy wine online michigan",phrase,4.68,https://winesquickstart.com/
Wine Quick Start - Search,General Wine,"buy wine online pennsylvania",phrase,4.68,https://winesquickstart.com/
Wine Quick Start - Search,General Wine,"buy wine online melbourne",phrase,4.68,https://winesquickstart.com/
Wine Quick Start - Search,General Wine,"buy best wine online",phrase,4.68,https://winesquickstart.com/
Wine Quick Start - Search,General Wine,"best place buy wine online",phrase,4.68,https://winesquickstart.com/
Wine Quick Start - Search,General Wine,"best place to buy wine online uk",phrase,4.68,https://winesquickstart.com/
Wine Quick Start - Search,General Wine,"best way to buy wine online",phrase,4.68,https://winesquickstart.com/
Wine Quick Start - Search,General Wine,"best place to buy wine online reddit",phrase,4.68,https://winesquickstart.com/
Wine Quick Start - Search,General Wine,"best site to buy wine online",phrase,4.68,https://winesquickstart.com/
Wine Quick Start - Search,General Wine,"best place to buy wine online australia",phrase,4.68,https://winesquickstart.com/
Wine Quick Start - Search,General Wine,"wine for wedding",phrase,4.06,https://winesquickstart.com/
Wine Quick Start - Search,General Wine,"best wine for best price",phrase,2.7,https://winesquickstart.com/
Wine Quick Start - Search,General Wine,"strongest best tasting wine",phrase,2.7,https://winesquickstart.com/
Wine Quick Start - Search,General Wine,"best value wine",phrase,2.7,https://winesquickstart.com/
Wine Quick Start - Search,General Wine,"buy wine online free shipping",phrase,4.68,https://winesquickstart.com/
Wine Quick Start - Search,General Wine,"how to choose the best wine",phrase,2.7,https://winesquickstart.com/
Wine Quick Start - Search,Wine Varietals,"cabernet sauvignon buy",phrase,4.68,https://winesquickstart.com/learn
Wine Quick Start - Search,Wine Varietals,"pinot noir online",phrase,4.68,https://winesquickstart.com/learn
Wine Quick Start - Search,Budget Wine,"affordable wine delivery",phrase,3.74,https://winesquickstart.com/buy/best-wines-under-20
Wine Quick Start - Search,Budget Wine,"buy wine online cheap",phrase,3.74,https://winesquickstart.com/buy/best-wines-under-20
Wine Quick Start - Search,Budget Wine,"best place to buy wine online uk cheap",phrase,3.74,https://winesquickstart.com/buy/best-wines-under-20
Wine Quick Start - Search,Budget Wine,"order wine online cheap",phrase,3.74,https://winesquickstart.com/buy/best-wines-under-20
Wine Quick Start - Search,Budget Wine,"buy wine online discount code",phrase,4.68,https://winesquickstart.com/buy/best-wines-under-20
Wine Quick Start - Search,Budget Wine,"buy wine online discount",phrase,4.68,https://winesquickstart.com/buy/best-wines-under-20
Wine Quick Start - Search,Budget Wine,"buy wine online thailand cheap",phrase,3.74,https://winesquickstart.com/buy/best-wines-under-20
Wine Quick Start - Search,Budget Wine,"buy wine online uk cheap",phrase,3.74,https://winesquickstart.com/buy/best-wines-under-20
Wine Quick Start - Search,Budget Wine,"buy case of wine online cheap",phrase,3.74,https://winesquickstart.com/buy/best-wines-under-20
Wine Quick Start - Search,Budget Wine,"buy cheap wine online nz",phrase,3.74,https://winesquickstart.com/buy/best-wines-under-20
Wine Quick Start - Search,Budget Wine,"cheapest place to buy wine online",phrase,3.74,https://winesquickstart.com/buy/best-wines-under-20
Wine Quick Start - Search,Budget Wine,"wine delivery cheap",phrase,3.74,https://winesquickstart.com/buy/best-wines-under-20
Wine Quick Start - Search,Budget Wine,"wine delivery discount",phrase,4.68,https://winesquickstart.com/buy/best-wines-under-20
Wine Quick Start - Search,Budget Wine,"wine delivery discount code",phrase,4.68,https://winesquickstart.com/buy/best-wines-under-20
Wine Quick Start - Search,Budget Wine,"cheap wine delivery near me",phrase,3.74,https://winesquickstart.com/buy/best-wines-under-20
Wine Quick Start - Search,Budget Wine,"cheapest wine delivery",phrase,3.74,https://winesquickstart.com/buy/best-wines-under-20
Wine Quick Start - Search,Budget Wine,"cheap wine delivery uk",phrase,3.74,https://winesquickstart.com/buy/best-wines-under-20
Wine Quick Start - Search,Budget Wine,"cheap wine delivery nyc",phrase,3.74,https://winesquickstart.com/buy/best-wines-under-20
Wine Quick Start - Search,Budget Wine,"cheapest wine delivery near me",phrase,3.74,https://winesquickstart.com/buy/best-wines-under-20
Wine Quick Start - Search,Budget Wine,"cheapest wine delivery nyc",phrase,3.74,https://winesquickstart.com/buy/best-wines-under-20
Wine Quick Start - Search,Budget Wine,"best wine under 20",phrase,2.7,https://winesquickstart.com/buy/best-wines-under-20
Wine Quick Start - Search,Budget Wine,"best wine under 30",phrase,2.7,https://winesquickstart.com/buy/best-wines-under-30
Wine Quick Start - Search,Budget Wine,"best wine under 50",phrase,2.7,https://winesquickstart.com/buy/best-wines-under-50
Wine Quick Start - Search,Budget Wine,"cheap wine online",phrase,3.74,https://winesquickstart.com/buy/best-wines-under-20
Wine Quick Start - Search,Budget Wine,"best wine under 100",phrase,2.7,https://winesquickstart.com/buy/best-wines-under-20
Wine Quick Start - Search,Budget Wine,"best wine under $10",phrase,2.7,https://winesquickstart.com/buy/best-wines-under-20
Wine Quick Start - Search,Budget Wine,"best wine under 15",phrase,1.9,https://winesquickstart.com/buy/best-wines-under-20
Wine Quick Start - Search,Budget Wine,"best wine under $25",phrase,2.7,https://winesquickstart.com/buy/best-wines-under-20
Wine Quick Start - Search,Budget Wine,"best wine under $20",phrase,2.7,https://winesquickstart.com/buy/best-wines-under-20
Wine Quick Start - Search,Budget Wine,"best wine under 30 dollars",phrase,2.7,https://winesquickstart.com/buy/best-wines-under-30
Wine Quick Start - Search,Budget Wine,"best wine under $40",phrase,2.7,https://winesquickstart.com/buy/best-wines-under-20
Wine Quick Start - Search,Budget Wine,"best wine for cheap",phrase,2.16,https://winesquickstart.com/buy/best-wines-under-20
Wine Quick Start - Search,Budget Wine,"best wine for cheap price",phrase,2.16,https://winesquickstart.com/buy/best-wines-under-20
Wine Quick Start - Search,Budget Wine,"best wine for cheap reddit",phrase,2.16,https://winesquickstart.com/buy/best-wines-under-20
Wine Quick Start - Search,Budget Wine,"good wine for cheap",phrase,2.16,https://winesquickstart.com/buy/best-wines-under-20
Wine Quick Start - Search,Budget Wine,"great wine for cheap",phrase,2.16,https://winesquickstart.com/buy/best-wines-under-20
Wine Quick Start - Search,Budget Wine,"best red wine for cheap",phrase,2.16,https://winesquickstart.com/buy/best-wines-under-20
Wine Quick Start - Search,Budget Wine,"best white wine for cheap",phrase,2.16,https://winesquickstart.com/buy/best-wines-under-20
Wine Quick Start - Search,Budget Wine,"best tasting wine for cheap",phrase,2.16,https://winesquickstart.com/buy/best-wines-under-20
Wine Quick Start - Search,Budget Wine,"best wine for mimosas cheap",phrase,2.16,https://winesquickstart.com/buy/best-wines-under-20
Wine Quick Start - Search,Budget Wine,"best sweet wine for cheap",phrase,2.16,https://winesquickstart.com/buy/best-wines-under-20
Wine Quick Start - Search,Budget Wine,"good cheap wine for thanksgiving",phrase,2.16,https://winesquickstart.com/wine-pairings/wine-for-thanksgiving
Wine Quick Start - Search,Budget Wine,"best cheap wine for thanksgiving",phrase,2.16,https://winesquickstart.com/wine-pairings/wine-for-thanksgiving
Wine Quick Start - Search,Wine for Occasions,"can you buy wine on thanksgiving",phrase,4.68,https://winesquickstart.com/wine-pairings/wine-for-thanksgiving
Wine Quick Start - Search,Wine for Occasions,"where to buy wine on thanksgiving",phrase,4.68,https://winesquickstart.com/wine-pairings/wine-for-thanksgiving
Wine Quick Start - Search,Wine for Occasions,"wine for dinner party",phrase,2.7,https://winesquickstart.com/buy
Wine Quick Start - Search,Wine for Occasions,"wine for thanksgiving",phrase,2.7,https://winesquickstart.com/wine-pairings/wine-for-thanksgiving
Wine Quick Start - Search,Wine for Occasions,"wine for thanksgiving dinner",phrase,2.7,https://winesquickstart.com/wine-pairings/wine-for-thanksgiving
Wine Quick Start - Search,Wine for Occasions,"wine for thanksgiving turkey",phrase,2.7,https://winesquickstart.com/wine-pairings/wine-for-thanksgiving
Wine Quick Start - Search,Wine for Occasions,"wine for thanksgiving turkey dinner",phrase,2.7,https://winesquickstart.com/wine-pairings/wine-for-thanksgiving
Wine Quick Start - Search,Wine for Occasions,"wine for thanksgiving meal",phrase,2.7,https://winesquickstart.com/wine-pairings/wine-for-thanksgiving
Wine Quick Start - Search,Wine for Occasions,"wine for thanksgiving reddit",phrase,2.7,https://winesquickstart.com/wine-pairings/wine-for-thanksgiving
Wine Quick Start - Search,Wine for Occasions,"wine for thanksgiving 2025",phrase,2.7,https://winesquickstart.com/wine-pairings/wine-for-thanksgiving
Wine Quick Start - Search,Wine for Occasions,"wine for thanksgiving ham",phrase,2.7,https://winesquickstart.com/wine-pairings/wine-for-thanksgiving
Wine Quick Start - Search,Wine for Occasions,"wine for thanksgiving food",phrase,2.7,https://winesquickstart.com/wine-pairings/wine-for-thanksgiving
Wine Quick Start - Search,Wine for Occasions,"best wine for thanksgiving",phrase,2.7,https://winesquickstart.com/wine-pairings/wine-for-thanksgiving
Wine Quick Start - Search,Wine for Occasions,"best wine for thanksgiving dinner",phrase,2.7,https://winesquickstart.com/wine-pairings/wine-for-thanksgiving
Wine Quick Start - Search,Wine for Occasions,"best wine for thanksgiving turkey",phrase,2.7,https://winesquickstart.com/wine-pairings/wine-for-thanksgiving
Wine Quick Start - Search,Wine for Occasions,"best wine for thanksgiving meal",phrase,2.7,https://winesquickstart.com/wine-pairings/wine-for-thanksgiving
Wine Quick Start - Search,Wine for Occasions,"best wine for thanksgiving reddit",phrase,2.7,https://winesquickstart.com/wine-pairings/wine-for-thanksgiving
Wine Quick Start - Search,Wine for Occasions,"best wine for thanksgiving 2025",phrase,2.7,https://winesquickstart.com/wine-pairings/wine-for-thanksgiving
Wine Quick Start - Search,Wine for Occasions,"best wine for thanksgiving food",phrase,2.7,https://winesquickstart.com/wine-pairings/wine-for-thanksgiving
Wine Quick Start - Search,Wine for Occasions,"best wine for thanksgiving 2024",phrase,2.7,https://winesquickstart.com/wine-pairings/wine-for-thanksgiving
Wine Quick Start - Search,Wine for Occasions,"best wine for thanksgiving ham",phrase,2.7,https://winesquickstart.com/wine-pairings/wine-for-thanksgiving
Wine Quick Start - Search,Wine for Occasions,"what kind of wine is best for thanksgiving",phrase,2.7,https://winesquickstart.com/wine-pairings/wine-for-thanksgiving
Wine Quick Start - Search,Wine for Occasions,"what wine goes best with thanksgiving",phrase,2.7,https://winesquickstart.com/wine-pairings/wine-for-thanksgiving
Wine Quick Start - Search,White Wine,"white wine online",phrase,4.68,https://winesquickstart.com/buy/white-wine